filename,width,height,class,xmin,ymin,xmax,ymax
frame_100.jpg,1024,1024,Edge,491,557,504,633
frame_100.jpg,1024,1024,Edge,503,556,518,636
frame_101.jpg,1024,1024,Edge,494,557,506,637
frame_101.jpg,1024,1024,Edge,501,556,513,640
frame_102.jpg,1024,1024,Edge,496,561,508,640
frame_102.jpg,1024,1024,Edge,500,561,511,641
frame_103.jpg,1024,1024,Edge,498,563,510,647
frame_103.jpg,1024,1024,Edge,502,563,513,647
frame_104.jpg,1024,1024,Edge,496,559,512,645
frame_104.jpg,1024,1024,Edge,499,558,513,645
frame_105.jpg,1024,1024,Edge,497,570,509,636
frame_105.jpg,1024,1024,Edge,499,570,512,637
frame_106.jpg,1024,1024,Edge,497,561,509,641
frame_106.jpg,1024,1024,Edge,499,562,510,643
frame_107.jpg,1024,1024,Edge,495,549,509,640
frame_107.jpg,1024,1024,Edge,496,548,508,640
frame_108.jpg,1024,1024,Edge,495,556,509,642
frame_108.jpg,1024,1024,Edge,497,556,509,642
frame_109.jpg,1024,1024,Edge,493,551,508,643
frame_109.jpg,1024,1024,Edge,496,553,510,644
frame_110.jpg,1024,1024,Edge,493,555,507,641
frame_110.jpg,1024,1024,Edge,495,554,510,643
frame_111.jpg,1024,1024,Edge,490,556,508,646
frame_111.jpg,1024,1024,Edge,495,554,511,646
frame_112.jpg,1024,1024,Edge,491,551,505,646
frame_112.jpg,1024,1024,Edge,496,551,510,646
frame_113.jpg,1024,1024,Edge,489,567,501,643
frame_113.jpg,1024,1024,Edge,497,567,508,644
frame_114.jpg,1024,1024,Edge,489,561,499,641
frame_114.jpg,1024,1024,Edge,494,559,509,642
frame_115.jpg,1024,1024,Edge,486,563,498,641
frame_115.jpg,1024,1024,Edge,498,561,511,642
frame_116.jpg,1024,1024,Edge,484,561,496,639
frame_116.jpg,1024,1024,Edge,499,563,514,643
frame_117.jpg,1024,1024,Edge,483,556,498,640
frame_117.jpg,1024,1024,Edge,501,554,515,643
frame_118.jpg,1024,1024,Edge,485,557,498,639
frame_118.jpg,1024,1024,Edge,502,557,516,640
frame_119.jpg,1024,1024,Edge,487,558,500,641
frame_119.jpg,1024,1024,Edge,504,557,517,642
frame_120.jpg,1024,1024,Edge,489,559,502,637
frame_120.jpg,1024,1024,Edge,505,559,518,641
frame_121.jpg,1024,1024,Edge,490,555,502,639
frame_121.jpg,1024,1024,Edge,505,553,519,640
frame_122.jpg,1024,1024,Edge,491,551,503,631
frame_122.jpg,1024,1024,Edge,503,550,515,634
frame_123.jpg,1024,1024,Edge,494,556,505,635
frame_123.jpg,1024,1024,Edge,501,555,512,638
frame_124.jpg,1024,1024,Edge,496,565,507,637
frame_124.jpg,1024,1024,Edge,501,565,513,637
frame_125.jpg,1024,1024,Edge,495,544,508,635
frame_125.jpg,1024,1024,Edge,498,546,514,638
frame_126.jpg,1024,1024,Edge,496,553,509,637
frame_126.jpg,1024,1024,Edge,499,552,512,639
frame_127.jpg,1024,1024,Edge,496,549,510,641
frame_127.jpg,1024,1024,Edge,498,549,512,641
frame_128.jpg,1024,1024,Edge,495,551,508,637
frame_128.jpg,1024,1024,Edge,498,551,510,639
frame_129.jpg,1024,1024,Edge,495,554,509,640
frame_129.jpg,1024,1024,Edge,497,553,510,641
frame_130.jpg,1024,1024,Edge,494,553,508,638
frame_130.jpg,1024,1024,Edge,496,553,509,639
frame_131.jpg,1024,1024,Edge,493,549,507,635
frame_131.jpg,1024,1024,Edge,495,549,510,633
frame_132.jpg,1024,1024,Edge,493,555,507,645
frame_132.jpg,1024,1024,Edge,496,555,509,644
frame_133.jpg,1024,1024,Edge,492,549,506,645
frame_133.jpg,1024,1024,Edge,496,551,509,647
frame_134.jpg,1024,1024,Edge,492,552,505,644
frame_134.jpg,1024,1024,Edge,496,551,509,644
frame_135.jpg,1024,1024,Edge,489,551,504,646
frame_135.jpg,1024,1024,Edge,496,555,510,647
frame_136.jpg,1024,1024,Edge,488,560,501,642
frame_136.jpg,1024,1024,Edge,496,562,509,642
frame_137.jpg,1024,1024,Edge,487,564,499,642
frame_137.jpg,1024,1024,Edge,498,563,510,643
frame_138.jpg,1024,1024,Edge,485,562,497,640
frame_138.jpg,1024,1024,Edge,498,562,510,641
frame_139.jpg,1024,1024,Edge,484,561,497,639
frame_139.jpg,1024,1024,Edge,500,560,512,640
frame_140.jpg,1024,1024,Edge,484,556,497,636
frame_140.jpg,1024,1024,Edge,501,556,515,638
frame_141.jpg,1024,1024,Edge,485,559,498,634
frame_141.jpg,1024,1024,Edge,502,559,516,635
frame_142.jpg,1024,1024,Edge,486,557,500,637
frame_142.jpg,1024,1024,Edge,504,556,518,639
frame_143.jpg,1024,1024,Edge,488,554,502,635
frame_143.jpg,1024,1024,Edge,505,554,519,638
frame_144.jpg,1024,1024,Edge,490,552,502,630
frame_144.jpg,1024,1024,Edge,505,551,517,633
frame_145.jpg,1024,1024,Edge,493,552,505,633
frame_145.jpg,1024,1024,Edge,502,550,514,633
frame_146.jpg,1024,1024,Edge,495,562,505,634
frame_146.jpg,1024,1024,Edge,500,563,510,636
frame_147.jpg,1024,1024,Edge,497,561,508,642
frame_147.jpg,1024,1024,Edge,500,561,511,642
frame_148.jpg,1024,1024,Edge,497,554,510,638
frame_148.jpg,1024,1024,Edge,499,553,513,639
frame_149.jpg,1024,1024,Edge,496,558,509,643
frame_149.jpg,1024,1024,Edge,498,558,511,644
frame_150.jpg,1024,1024,Edge,496,556,509,642
frame_150.jpg,1024,1024,Edge,498,556,511,643
frame_151.jpg,1024,1024,Edge,496,554,509,636
frame_151.jpg,1024,1024,Edge,498,555,511,637
frame_152.jpg,1024,1024,Edge,495,548,508,641
frame_152.jpg,1024,1024,Edge,497,548,510,641
frame_153.jpg,1024,1024,Edge,494,553,507,646
frame_153.jpg,1024,1024,Edge,497,553,509,647
frame_154.jpg,1024,1024,Edge,494,549,508,647
frame_154.jpg,1024,1024,Edge,496,548,508,647
frame_155.jpg,1024,1024,Edge,494,557,506,639
frame_155.jpg,1024,1024,Edge,496,557,507,641
frame_156.jpg,1024,1024,Edge,492,559,506,641
frame_156.jpg,1024,1024,Edge,494,559,507,642
frame_157.jpg,1024,1024,Edge,491,557,503,642
frame_157.jpg,1024,1024,Edge,496,557,508,643
frame_158.jpg,1024,1024,Edge,491,555,501,642
frame_158.jpg,1024,1024,Edge,497,554,509,643
frame_159.jpg,1024,1024,Edge,487,560,498,644
frame_159.jpg,1024,1024,Edge,497,557,508,645
frame_160.jpg,1024,1024,Edge,484,560,498,644
frame_160.jpg,1024,1024,Edge,497,559,511,645
frame_161.jpg,1024,1024,Edge,483,557,496,641
frame_161.jpg,1024,1024,Edge,498,557,512,642
frame_162.jpg,1024,1024,Edge,482,557,494,636
frame_162.jpg,1024,1024,Edge,500,557,513,639
frame_163.jpg,1024,1024,Edge,485,560,499,638
frame_163.jpg,1024,1024,Edge,503,557,514,639
frame_164.jpg,1024,1024,Edge,486,555,500,649
frame_164.jpg,1024,1024,Edge,504,553,516,649
frame_165.jpg,1024,1024,Edge,487,553,500,636
frame_165.jpg,1024,1024,Edge,504,552,516,636
frame_166.jpg,1024,1024,Edge,491,552,502,634
frame_166.jpg,1024,1024,Edge,506,552,516,634
frame_167.jpg,1024,1024,Edge,493,549,504,641
frame_167.jpg,1024,1024,Edge,503,548,513,642
frame_168.jpg,1024,1024,Edge,495,554,505,639
frame_168.jpg,1024,1024,Edge,501,554,511,640
frame_169.jpg,1024,1024,Edge,495,556,506,635
frame_169.jpg,1024,1024,Edge,499,556,509,636
frame_170.jpg,1024,1024,Edge,498,554,509,639
frame_170.jpg,1024,1024,Edge,500,554,510,640
frame_171.jpg,1024,1024,Edge,498,550,509,643
frame_171.jpg,1024,1024,Edge,500,550,510,645
frame_172.jpg,1024,1024,Edge,498,559,508,636
frame_172.jpg,1024,1024,Edge,499,559,509,636
frame_173.jpg,1024,1024,Edge,496,554,508,639
frame_173.jpg,1024,1024,Edge,498,555,509,642
frame_174.jpg,1024,1024,Edge,496,547,507,639
frame_174.jpg,1024,1024,Edge,498,548,507,639
frame_175.jpg,1024,1024,Edge,497,557,508,640
frame_175.jpg,1024,1024,Edge,498,557,507,640
frame_176.jpg,1024,1024,Edge,495,549,507,638
frame_176.jpg,1024,1024,Edge,497,550,510,639
frame_177.jpg,1024,1024,Edge,493,552,505,641
frame_177.jpg,1024,1024,Edge,496,553,507,644
frame_178.jpg,1024,1024,Edge,494,553,506,639
frame_178.jpg,1024,1024,Edge,496,555,509,640
frame_179.jpg,1024,1024,Edge,493,559,503,639
frame_179.jpg,1024,1024,Edge,496,559,507,639
frame_180.jpg,1024,1024,Edge,491,559,502,646
frame_180.jpg,1024,1024,Edge,497,559,509,648
frame_181.jpg,1024,1024,Edge,489,564,498,640
frame_181.jpg,1024,1024,Edge,498,564,508,640
frame_182.jpg,1024,1024,Edge,487,562,498,639
frame_182.jpg,1024,1024,Edge,498,561,511,643
frame_183.jpg,1024,1024,Edge,486,560,497,632
frame_183.jpg,1024,1024,Edge,499,561,512,638
frame_184.jpg,1024,1024,Edge,485,558,497,635
frame_184.jpg,1024,1024,Edge,500,558,512,636
frame_185.jpg,1024,1024,Edge,484,557,498,632
frame_185.jpg,1024,1024,Edge,500,558,516,638
frame_186.jpg,1024,1024,Edge,485,558,498,633
frame_186.jpg,1024,1024,Edge,501,554,515,638
frame_187.jpg,1024,1024,Edge,486,553,500,642
frame_187.jpg,1024,1024,Edge,502,552,518,643
frame_188.jpg,1024,1024,Edge,488,553,502,638
frame_188.jpg,1024,1024,Edge,503,552,517,642
frame_189.jpg,1024,1024,Edge,491,552,504,638
frame_189.jpg,1024,1024,Edge,504,552,516,640
frame_190.jpg,1024,1024,Edge,493,550,503,637
frame_190.jpg,1024,1024,Edge,501,549,512,639
frame_191.jpg,1024,1024,Edge,496,560,506,639
frame_191.jpg,1024,1024,Edge,500,560,511,640
frame_192.jpg,1024,1024,Edge,497,551,507,641
frame_192.jpg,1024,1024,Edge,499,551,510,642
frame_193.jpg,1024,1024,Edge,499,555,510,646
frame_193.jpg,1024,1024,Edge,500,556,510,647
frame_194.jpg,1024,1024,Edge,497,556,508,640
frame_194.jpg,1024,1024,Edge,498,557,510,641
frame_195.jpg,1024,1024,Edge,496,549,507,638
frame_195.jpg,1024,1024,Edge,498,549,510,637
frame_196.jpg,1024,1024,Edge,495,542,508,640
frame_196.jpg,1024,1024,Edge,497,544,509,642
frame_197.jpg,1024,1024,Edge,494,538,506,641
frame_197.jpg,1024,1024,Edge,497,540,509,643
frame_198.jpg,1024,1024,Edge,495,543,507,643
frame_198.jpg,1024,1024,Edge,496,546,507,643
frame_199.jpg,1024,1024,Edge,493,540,506,640
frame_199.jpg,1024,1024,Edge,495,543,508,640
frame_200.jpg,1024,1024,Edge,492,550,505,637
frame_200.jpg,1024,1024,Edge,496,554,507,640
frame_201.jpg,1024,1024,Edge,492,549,504,642
frame_201.jpg,1024,1024,Edge,495,552,508,643
frame_202.jpg,1024,1024,Edge,491,570,501,642
frame_202.jpg,1024,1024,Edge,496,573,508,643
frame_203.jpg,1024,1024,Edge,490,568,499,640
frame_203.jpg,1024,1024,Edge,498,568,509,641
frame_204.jpg,1024,1024,Edge,487,562,497,640
frame_204.jpg,1024,1024,Edge,497,563,510,642
frame_205.jpg,1024,1024,Edge,485,561,496,636
frame_205.jpg,1024,1024,Edge,500,562,512,639
frame_206.jpg,1024,1024,Edge,485,562,496,637
frame_206.jpg,1024,1024,Edge,499,563,513,638
frame_207.jpg,1024,1024,Edge,485,559,496,637
frame_207.jpg,1024,1024,Edge,500,559,512,640
frame_208.jpg,1024,1024,Edge,486,560,499,640
frame_208.jpg,1024,1024,Edge,503,560,515,641
frame_209.jpg,1024,1024,Edge,487,558,501,640
frame_209.jpg,1024,1024,Edge,503,557,517,642
frame_210.jpg,1024,1024,Edge,489,555,501,634
frame_210.jpg,1024,1024,Edge,504,556,516,635
frame_211.jpg,1024,1024,Edge,490,552,503,634
frame_211.jpg,1024,1024,Edge,504,552,517,640
frame_212.jpg,1024,1024,Edge,492,550,504,634
frame_212.jpg,1024,1024,Edge,501,550,512,635
frame_213.jpg,1024,1024,Edge,494,554,505,636
frame_213.jpg,1024,1024,Edge,500,554,510,638
frame_214.jpg,1024,1024,Edge,496,552,507,636
frame_214.jpg,1024,1024,Edge,499,553,508,638
frame_215.jpg,1024,1024,Edge,497,556,508,642
frame_215.jpg,1024,1024,Edge,499,556,510,641
frame_216.jpg,1024,1024,Edge,501,552,509,641
frame_216.jpg,1024,1024,Edge,498,552,507,639
frame_217.jpg,1024,1024,Edge,495,541,509,643
frame_217.jpg,1024,1024,Edge,497,542,510,643
frame_218.jpg,1024,1024,Edge,497,544,508,637
frame_218.jpg,1024,1024,Edge,499,544,511,636
frame_219.jpg,1024,1024,Edge,497,547,506,631
frame_219.jpg,1024,1024,Edge,498,549,508,635
frame_220.jpg,1024,1024,Edge,495,550,507,633
frame_220.jpg,1024,1024,Edge,497,552,508,635
frame_221.jpg,1024,1024,Edge,493,550,506,633
frame_221.jpg,1024,1024,Edge,494,552,507,639
frame_222.jpg,1024,1024,Edge,493,549,505,630
frame_222.jpg,1024,1024,Edge,496,551,507,635
frame_223.jpg,1024,1024,Edge,494,561,505,642
frame_223.jpg,1024,1024,Edge,496,559,507,642
frame_224.jpg,1024,1024,Edge,491,549,503,645
frame_224.jpg,1024,1024,Edge,495,550,508,644
frame_225.jpg,1024,1024,Edge,489,569,499,645
frame_225.jpg,1024,1024,Edge,497,570,508,645
frame_226.jpg,1024,1024,Edge,487,563,498,640
frame_226.jpg,1024,1024,Edge,497,563,509,642
frame_227.jpg,1024,1024,Edge,484,563,496,639
frame_227.jpg,1024,1024,Edge,498,564,510,642
frame_228.jpg,1024,1024,Edge,484,561,495,642
frame_228.jpg,1024,1024,Edge,498,562,512,640
frame_229.jpg,1024,1024,Edge,485,559,498,638
frame_229.jpg,1024,1024,Edge,500,559,514,639
frame_230.jpg,1024,1024,Edge,485,556,498,634
frame_230.jpg,1024,1024,Edge,501,557,514,636
frame_231.jpg,1024,1024,Edge,487,558,499,636
frame_231.jpg,1024,1024,Edge,502,557,514,637
frame_232.jpg,1024,1024,Edge,489,556,502,636
frame_232.jpg,1024,1024,Edge,502,554,517,637
frame_233.jpg,1024,1024,Edge,489,551,503,634
frame_233.jpg,1024,1024,Edge,502,550,517,636
frame_234.jpg,1024,1024,Edge,491,552,504,632
frame_234.jpg,1024,1024,Edge,501,551,514,633
frame_235.jpg,1024,1024,Edge,493,559,504,634
frame_235.jpg,1024,1024,Edge,499,560,511,635
frame_236.jpg,1024,1024,Edge,495,565,507,642
frame_236.jpg,1024,1024,Edge,499,567,510,644
frame_237.jpg,1024,1024,Edge,496,557,508,639
frame_237.jpg,1024,1024,Edge,499,557,510,642
frame_238.jpg,1024,1024,Edge,496,555,508,643
frame_238.jpg,1024,1024,Edge,499,558,510,643
frame_239.jpg,1024,1024,Edge,497,552,509,646
frame_239.jpg,1024,1024,Edge,499,554,510,645
frame_240.jpg,1024,1024,Edge,496,548,508,635
frame_240.jpg,1024,1024,Edge,497,550,510,636
frame_241.jpg,1024,1024,Edge,495,540,507,635
frame_241.jpg,1024,1024,Edge,496,542,509,637
frame_242.jpg,1024,1024,Edge,495,543,506,637
frame_242.jpg,1024,1024,Edge,496,550,507,635
frame_243.jpg,1024,1024,Edge,494,548,507,639
frame_243.jpg,1024,1024,Edge,496,552,507,638
frame_244.jpg,1024,1024,Edge,492,551,506,640
frame_244.jpg,1024,1024,Edge,494,552,507,639
frame_245.jpg,1024,1024,Edge,493,560,504,643
frame_245.jpg,1024,1024,Edge,496,558,507,641
frame_246.jpg,1024,1024,Edge,492,560,502,640
frame_246.jpg,1024,1024,Edge,495,560,507,647
frame_247.jpg,1024,1024,Edge,490,571,499,642
frame_247.jpg,1024,1024,Edge,496,571,507,642
frame_248.jpg,1024,1024,Edge,487,564,498,642
frame_248.jpg,1024,1024,Edge,495,564,508,641
frame_249.jpg,1024,1024,Edge,484,561,496,641
frame_249.jpg,1024,1024,Edge,498,561,510,645
frame_250.jpg,1024,1024,Edge,484,560,496,636
frame_250.jpg,1024,1024,Edge,499,556,512,647
frame_251.jpg,1024,1024,Edge,484,558,496,639
frame_251.jpg,1024,1024,Edge,499,558,512,642
frame_252.jpg,1024,1024,Edge,485,560,499,640
frame_252.jpg,1024,1024,Edge,502,560,515,646
frame_253.jpg,1024,1024,Edge,486,555,499,642
frame_253.jpg,1024,1024,Edge,503,554,516,647
frame_254.jpg,1024,1024,Edge,487,555,501,642
frame_254.jpg,1024,1024,Edge,504,554,517,644
frame_255.jpg,1024,1024,Edge,489,552,503,641
frame_255.jpg,1024,1024,Edge,504,549,516,647
frame_256.jpg,1024,1024,Edge,493,550,502,639
frame_256.jpg,1024,1024,Edge,503,549,513,643
frame_257.jpg,1024,1024,Edge,494,556,504,636
frame_257.jpg,1024,1024,Edge,500,556,509,640
frame_258.jpg,1024,1024,Edge,497,558,505,639
frame_258.jpg,1024,1024,Edge,500,560,509,643
frame_259.jpg,1024,1024,Edge,497,553,508,638
frame_259.jpg,1024,1024,Edge,499,554,510,641
frame_260.jpg,1024,1024,Edge,497,551,508,642
frame_260.jpg,1024,1024,Edge,499,552,510,643
frame_261.jpg,1024,1024,Edge,496,543,508,643
frame_261.jpg,1024,1024,Edge,498,545,508,644
frame_262.jpg,1024,1024,Edge,496,543,507,643
frame_262.jpg,1024,1024,Edge,498,542,509,646
frame_263.jpg,1024,1024,Edge,496,540,506,651
frame_263.jpg,1024,1024,Edge,497,540,509,650
frame_264.jpg,1024,1024,Edge,493,534,507,648
frame_264.jpg,1024,1024,Edge,496,535,509,649
frame_265.jpg,1024,1024,Edge,492,536,506,646
frame_265.jpg,1024,1024,Edge,494,538,508,646
frame_266.jpg,1024,1024,Edge,492,536,506,645
frame_266.jpg,1024,1024,Edge,495,539,509,645
frame_267.jpg,1024,1024,Edge,493,535,506,643
frame_267.jpg,1024,1024,Edge,494,538,506,641
frame_268.jpg,1024,1024,Edge,490,545,504,648
frame_268.jpg,1024,1024,Edge,495,547,508,648
frame_269.jpg,1024,1024,Edge,489,545,501,644
frame_269.jpg,1024,1024,Edge,494,549,506,645
frame_270.jpg,1024,1024,Edge,487,562,498,644
frame_270.jpg,1024,1024,Edge,495,562,509,645
frame_271.jpg,1024,1024,Edge,485,563,496,641
frame_271.jpg,1024,1024,Edge,497,563,510,643
frame_272.jpg,1024,1024,Edge,484,561,495,643
frame_272.jpg,1024,1024,Edge,498,561,511,646
frame_273.jpg,1024,1024,Edge,484,560,497,646
frame_273.jpg,1024,1024,Edge,500,559,514,647
frame_274.jpg,1024,1024,Edge,485,560,499,642
frame_274.jpg,1024,1024,Edge,501,558,516,644
frame_275.jpg,1024,1024,Edge,486,557,499,640
frame_275.jpg,1024,1024,Edge,503,554,515,640
frame_276.jpg,1024,1024,Edge,488,555,500,639
frame_276.jpg,1024,1024,Edge,503,555,515,641
frame_277.jpg,1024,1024,Edge,490,552,501,638
frame_277.jpg,1024,1024,Edge,503,549,514,639
frame_278.jpg,1024,1024,Edge,492,551,502,641
frame_278.jpg,1024,1024,Edge,501,550,512,644
frame_279.jpg,1024,1024,Edge,495,552,504,640
frame_279.jpg,1024,1024,Edge,500,552,510,641
frame_280.jpg,1024,1024,Edge,497,558,506,638
frame_280.jpg,1024,1024,Edge,500,560,509,638
frame_281.jpg,1024,1024,Edge,496,555,508,638
frame_281.jpg,1024,1024,Edge,499,555,509,639
frame_282.jpg,1024,1024,Edge,497,553,509,645
frame_282.jpg,1024,1024,Edge,499,551,510,644
frame_283.jpg,1024,1024,Edge,496,547,508,643
frame_283.jpg,1024,1024,Edge,497,548,509,642
frame_284.jpg,1024,1024,Edge,495,539,507,638
frame_284.jpg,1024,1024,Edge,496,537,508,640
frame_285.jpg,1024,1024,Edge,492,537,507,645
frame_285.jpg,1024,1024,Edge,494,538,509,646
frame_286.jpg,1024,1024,Edge,495,535,506,645
frame_286.jpg,1024,1024,Edge,496,542,508,643
frame_287.jpg,1024,1024,Edge,494,541,506,642
frame_287.jpg,1024,1024,Edge,496,543,508,642
frame_288.jpg,1024,1024,Edge,493,544,505,640
frame_288.jpg,1024,1024,Edge,495,545,507,639
frame_289.jpg,1024,1024,Edge,492,542,505,648
frame_289.jpg,1024,1024,Edge,494,545,507,646
frame_290.jpg,1024,1024,Edge,491,543,502,642
frame_290.jpg,1024,1024,Edge,494,544,505,645
frame_291.jpg,1024,1024,Edge,490,543,501,643
frame_291.jpg,1024,1024,Edge,494,545,505,642
frame_292.jpg,1024,1024,Edge,488,561,498,646
frame_292.jpg,1024,1024,Edge,495,559,508,643
frame_293.jpg,1024,1024,Edge,485,560,498,638
frame_293.jpg,1024,1024,Edge,496,558,510,647
frame_294.jpg,1024,1024,Edge,483,558,495,633
frame_294.jpg,1024,1024,Edge,497,556,510,641
frame_295.jpg,1024,1024,Edge,483,558,496,639
frame_295.jpg,1024,1024,Edge,499,557,513,649
frame_296.jpg,1024,1024,Edge,485,559,496,641
frame_296.jpg,1024,1024,Edge,501,555,514,646
frame_297.jpg,1024,1024,Edge,485,553,497,637
frame_297.jpg,1024,1024,Edge,502,554,514,641
frame_298.jpg,1024,1024,Edge,488,555,498,634
frame_298.jpg,1024,1024,Edge,505,553,515,645
frame_299.jpg,1024,1024,Edge,489,551,501,636
frame_299.jpg,1024,1024,Edge,504,549,516,640
frame_300.jpg,1024,1024,Edge,492,549,501,634
frame_300.jpg,1024,1024,Edge,503,549,513,640
frame_301.jpg,1024,1024,Edge,494,555,503,635
frame_301.jpg,1024,1024,Edge,501,554,510,640
frame_302.jpg,1024,1024,Edge,496,557,506,642
frame_302.jpg,1024,1024,Edge,499,555,510,641
frame_303.jpg,1024,1024,Edge,496,548,506,646
frame_303.jpg,1024,1024,Edge,499,551,508,646
frame_304.jpg,1024,1024,Edge,497,552,505,640
frame_304.jpg,1024,1024,Edge,499,553,508,637
frame_305.jpg,1024,1024,Edge,496,551,505,639
frame_305.jpg,1024,1024,Edge,497,549,506,639
frame_306.jpg,1024,1024,Edge,496,538,507,642
frame_306.jpg,1024,1024,Edge,498,538,508,642
frame_307.jpg,1024,1024,Edge,495,545,507,641
frame_307.jpg,1024,1024,Edge,496,545,507,641
frame_308.jpg,1024,1024,Edge,493,544,505,637
frame_308.jpg,1024,1024,Edge,494,543,506,637
frame_309.jpg,1024,1024,Edge,494,553,506,646
frame_309.jpg,1024,1024,Edge,495,552,507,644
frame_310.jpg,1024,1024,Edge,492,541,505,647
frame_310.jpg,1024,1024,Edge,494,541,506,648
frame_311.jpg,1024,1024,Edge,492,536,505,646
frame_311.jpg,1024,1024,Edge,495,535,507,647
frame_312.jpg,1024,1024,Edge,490,535,504,647
frame_312.jpg,1024,1024,Edge,494,533,507,648
frame_313.jpg,1024,1024,Edge,488,536,500,644
frame_313.jpg,1024,1024,Edge,494,536,506,646
frame_314.jpg,1024,1024,Edge,488,563,498,647
frame_314.jpg,1024,1024,Edge,494,558,507,643
frame_315.jpg,1024,1024,Edge,485,562,497,638
frame_315.jpg,1024,1024,Edge,497,560,509,644
frame_316.jpg,1024,1024,Edge,483,558,494,638
frame_316.jpg,1024,1024,Edge,498,557,511,646
frame_317.jpg,1024,1024,Edge,482,558,496,643
frame_317.jpg,1024,1024,Edge,499,556,513,648
frame_318.jpg,1024,1024,Edge,482,556,495,638
frame_318.jpg,1024,1024,Edge,500,557,513,648
frame_319.jpg,1024,1024,Edge,483,554,498,644
frame_319.jpg,1024,1024,Edge,503,553,517,652
frame_320.jpg,1024,1024,Edge,488,555,500,644
frame_320.jpg,1024,1024,Edge,504,554,516,649
frame_321.jpg,1024,1024,Edge,489,550,501,640
frame_321.jpg,1024,1024,Edge,504,549,516,644
frame_322.jpg,1024,1024,Edge,491,552,502,637
frame_322.jpg,1024,1024,Edge,502,551,514,642
frame_323.jpg,1024,1024,Edge,492,550,502,636
frame_323.jpg,1024,1024,Edge,499,548,510,640
frame_324.jpg,1024,1024,Edge,496,553,506,642
frame_324.jpg,1024,1024,Edge,499,552,510,643
frame_325.jpg,1024,1024,Edge,495,543,506,640
frame_325.jpg,1024,1024,Edge,498,543,509,645
frame_326.jpg,1024,1024,Edge,496,538,507,643
frame_326.jpg,1024,1024,Edge,497,538,508,644
frame_327.jpg,1024,1024,Edge,495,534,508,643
frame_327.jpg,1024,1024,Edge,497,534,509,643
frame_328.jpg,1024,1024,Edge,495,543,508,646
frame_328.jpg,1024,1024,Edge,497,545,509,647
frame_329.jpg,1024,1024,Edge,495,543,507,642
frame_329.jpg,1024,1024,Edge,496,543,508,643
frame_330.jpg,1024,1024,Edge,494,539,506,642
frame_330.jpg,1024,1024,Edge,495,540,508,642
frame_331.jpg,1024,1024,Edge,494,543,506,638
frame_331.jpg,1024,1024,Edge,496,543,508,638
frame_332.jpg,1024,1024,Edge,493,544,506,647
frame_332.jpg,1024,1024,Edge,495,544,509,646
frame_333.jpg,1024,1024,Edge,491,532,506,638
frame_333.jpg,1024,1024,Edge,493,534,507,640
frame_334.jpg,1024,1024,Edge,491,543,504,641
frame_334.jpg,1024,1024,Edge,494,538,508,644
frame_335.jpg,1024,1024,Edge,488,546,502,643
frame_335.jpg,1024,1024,Edge,494,547,507,644
frame_336.jpg,1024,1024,Edge,488,564,498,641
frame_336.jpg,1024,1024,Edge,494,562,507,645
frame_337.jpg,1024,1024,Edge,485,562,496,638
frame_337.jpg,1024,1024,Edge,496,562,510,642
frame_338.jpg,1024,1024,Edge,483,560,496,637
frame_338.jpg,1024,1024,Edge,497,559,511,647
frame_339.jpg,1024,1024,Edge,483,558,494,632
frame_339.jpg,1024,1024,Edge,499,557,511,645
frame_340.jpg,1024,1024,Edge,483,559,496,633
frame_340.jpg,1024,1024,Edge,500,558,513,642
frame_341.jpg,1024,1024,Edge,486,560,498,637
frame_341.jpg,1024,1024,Edge,502,557,515,643
frame_342.jpg,1024,1024,Edge,487,553,499,636
frame_342.jpg,1024,1024,Edge,502,551,515,644
frame_343.jpg,1024,1024,Edge,489,553,500,632
frame_343.jpg,1024,1024,Edge,504,551,515,644
frame_344.jpg,1024,1024,Edge,490,550,501,637
frame_344.jpg,1024,1024,Edge,500,548,512,642
frame_345.jpg,1024,1024,Edge,492,549,503,636
frame_345.jpg,1024,1024,Edge,498,549,510,641
frame_346.jpg,1024,1024,Edge,494,549,505,643
frame_346.jpg,1024,1024,Edge,498,549,509,644
frame_347.jpg,1024,1024,Edge,496,541,507,642
frame_347.jpg,1024,1024,Edge,498,541,509,643
frame_348.jpg,1024,1024,Edge,497,537,507,641
frame_348.jpg,1024,1024,Edge,498,537,508,642
frame_349.jpg,1024,1024,Edge,495,548,505,634
frame_349.jpg,1024,1024,Edge,496,548,506,635
frame_350.jpg,1024,1024,Edge,494,539,506,635
frame_350.jpg,1024,1024,Edge,496,544,509,638
frame_351.jpg,1024,1024,Edge,494,546,506,635
frame_351.jpg,1024,1024,Edge,495,548,507,635
frame_352.jpg,1024,1024,Edge,493,538,505,633
frame_352.jpg,1024,1024,Edge,494,542,506,633
frame_353.jpg,1024,1024,Edge,493,538,506,641
frame_353.jpg,1024,1024,Edge,495,538,508,641
frame_354.jpg,1024,1024,Edge,492,543,503,638
frame_354.jpg,1024,1024,Edge,494,544,505,637
frame_355.jpg,1024,1024,Edge,493,544,505,640
frame_355.jpg,1024,1024,Edge,495,546,506,639
frame_356.jpg,1024,1024,Edge,491,544,502,640
frame_356.jpg,1024,1024,Edge,494,544,505,641
frame_357.jpg,1024,1024,Edge,489,559,499,642
frame_357.jpg,1024,1024,Edge,495,562,506,643
frame_358.jpg,1024,1024,Edge,488,563,498,642
frame_358.jpg,1024,1024,Edge,496,562,506,643
frame_359.jpg,1024,1024,Edge,485,563,495,636
frame_359.jpg,1024,1024,Edge,495,560,507,641
frame_360.jpg,1024,1024,Edge,483,561,494,634
frame_360.jpg,1024,1024,Edge,496,556,507,640
frame_361.jpg,1024,1024,Edge,483,560,494,632
frame_361.jpg,1024,1024,Edge,499,559,512,647
frame_362.jpg,1024,1024,Edge,482,559,495,630
frame_362.jpg,1024,1024,Edge,498,556,512,646
frame_363.jpg,1024,1024,Edge,485,558,497,636
frame_363.jpg,1024,1024,Edge,501,554,513,643
frame_364.jpg,1024,1024,Edge,487,555,498,638
frame_364.jpg,1024,1024,Edge,502,551,514,649
frame_365.jpg,1024,1024,Edge,488,554,498,634
frame_365.jpg,1024,1024,Edge,503,553,515,644
frame_366.jpg,1024,1024,Edge,490,551,501,637
frame_366.jpg,1024,1024,Edge,501,549,512,640
frame_367.jpg,1024,1024,Edge,492,551,501,636
frame_367.jpg,1024,1024,Edge,499,551,509,641
frame_368.jpg,1024,1024,Edge,495,556,503,638
frame_368.jpg,1024,1024,Edge,498,555,507,639
frame_369.jpg,1024,1024,Edge,496,549,506,636
frame_369.jpg,1024,1024,Edge,498,549,508,636
frame_370.jpg,1024,1024,Edge,496,541,508,639
frame_370.jpg,1024,1024,Edge,498,541,510,640
frame_371.jpg,1024,1024,Edge,495,543,507,641
frame_371.jpg,1024,1024,Edge,496,543,508,642
frame_372.jpg,1024,1024,Edge,494,534,507,639
frame_372.jpg,1024,1024,Edge,496,534,508,640
frame_373.jpg,1024,1024,Edge,494,534,508,642
frame_373.jpg,1024,1024,Edge,495,534,508,642
frame_374.jpg,1024,1024,Edge,494,535,507,640
frame_374.jpg,1024,1024,Edge,495,535,507,641
frame_375.jpg,1024,1024,Edge,492,539,507,642
frame_375.jpg,1024,1024,Edge,493,540,507,643
frame_376.jpg,1024,1024,Edge,492,538,508,644
frame_376.jpg,1024,1024,Edge,493,537,509,644
frame_377.jpg,1024,1024,Edge,492,533,505,642
frame_377.jpg,1024,1024,Edge,494,533,506,643
frame_378.jpg,1024,1024,Edge,491,541,501,638
frame_378.jpg,1024,1024,Edge,494,539,504,639
frame_379.jpg,1024,1024,Edge,490,549,499,642
frame_379.jpg,1024,1024,Edge,494,548,504,644
frame_380.jpg,1024,1024,Edge,488,563,496,638
frame_380.jpg,1024,1024,Edge,495,563,506,642
frame_381.jpg,1024,1024,Edge,485,562,495,633
frame_381.jpg,1024,1024,Edge,495,560,506,642
frame_382.jpg,1024,1024,Edge,483,559,493,632
frame_382.jpg,1024,1024,Edge,495,555,509,641
frame_383.jpg,1024,1024,Edge,483,560,494,633
frame_383.jpg,1024,1024,Edge,497,555,510,645
frame_384.jpg,1024,1024,Edge,483,559,495,635
frame_384.jpg,1024,1024,Edge,498,555,512,648
frame_385.jpg,1024,1024,Edge,485,556,496,634
frame_385.jpg,1024,1024,Edge,500,553,514,643
frame_386.jpg,1024,1024,Edge,486,554,497,636
frame_386.jpg,1024,1024,Edge,501,551,514,646
frame_387.jpg,1024,1024,Edge,488,554,499,636
frame_387.jpg,1024,1024,Edge,503,551,514,642
frame_388.jpg,1024,1024,Edge,491,549,501,634
frame_388.jpg,1024,1024,Edge,501,547,513,638
frame_389.jpg,1024,1024,Edge,492,550,501,632
frame_389.jpg,1024,1024,Edge,498,549,508,634
frame_390.jpg,1024,1024,Edge,494,559,503,636
frame_390.jpg,1024,1024,Edge,498,559,507,640
frame_391.jpg,1024,1024,Edge,494,543,505,634
frame_391.jpg,1024,1024,Edge,496,543,507,637
frame_392.jpg,1024,1024,Edge,495,539,509,636
frame_392.jpg,1024,1024,Edge,496,539,510,635
frame_393.jpg,1024,1024,Edge,495,536,509,641
frame_393.jpg,1024,1024,Edge,496,536,510,640
frame_394.jpg,1024,1024,Edge,495,539,508,641
frame_394.jpg,1024,1024,Edge,496,539,509,641
frame_395.jpg,1024,1024,Edge,491,540,506,637
frame_395.jpg,1024,1024,Edge,494,540,508,637
frame_396.jpg,1024,1024,Edge,492,537,507,641
frame_396.jpg,1024,1024,Edge,494,536,508,641
frame_397.jpg,1024,1024,Edge,491,535,506,639
frame_397.jpg,1024,1024,Edge,493,534,508,640
frame_398.jpg,1024,1024,Edge,491,538,505,642
frame_398.jpg,1024,1024,Edge,493,537,506,643
frame_399.jpg,1024,1024,Edge,491,533,506,647
frame_399.jpg,1024,1024,Edge,492,533,507,647
frame_400.jpg,1024,1024,Edge,489,542,503,646
frame_400.jpg,1024,1024,Edge,493,544,506,644
frame_401.jpg,1024,1024,Edge,489,552,500,644
frame_401.jpg,1024,1024,Edge,495,550,506,644
frame_402.jpg,1024,1024,Edge,488,563,496,639
frame_402.jpg,1024,1024,Edge,495,561,506,640
frame_403.jpg,1024,1024,Edge,485,563,494,635
frame_403.jpg,1024,1024,Edge,495,561,505,640
frame_404.jpg,1024,1024,Edge,484,561,494,638
frame_404.jpg,1024,1024,Edge,496,558,508,641
frame_41.jpg,1024,1024,Edge,494,565,510,645
frame_41.jpg,1024,1024,Edge,498,564,516,647
frame_42.jpg,1024,1024,Edge,493,557,508,647
frame_42.jpg,1024,1024,Edge,498,556,514,648
frame_43.jpg,1024,1024,Edge,491,564,506,647
frame_43.jpg,1024,1024,Edge,499,563,513,649
frame_44.jpg,1024,1024,Edge,490,562,508,646
frame_44.jpg,1024,1024,Edge,496,563,515,646
frame_445.jpg,1024,1024,Edge,488,570,498,643
frame_445.jpg,1024,1024,Edge,494,572,505,643
frame_446.jpg,1024,1024,Edge,486,565,496,638
frame_446.jpg,1024,1024,Edge,495,563,506,638
frame_447.jpg,1024,1024,Edge,485,563,493,635
frame_447.jpg,1024,1024,Edge,495,561,507,637
frame_448.jpg,1024,1024,Edge,483,559,493,635
frame_448.jpg,1024,1024,Edge,496,557,508,639
frame_449.jpg,1024,1024,Edge,480,561,495,635
frame_449.jpg,1024,1024,Edge,497,557,510,640
frame_45.jpg,1024,1024,Edge,490,566,505,645
frame_45.jpg,1024,1024,Edge,499,566,510,646
frame_450.jpg,1024,1024,Edge,482,558,494,635
frame_450.jpg,1024,1024,Edge,498,556,512,637
frame_451.jpg,1024,1024,Edge,483,555,497,635
frame_451.jpg,1024,1024,Edge,500,554,513,637
frame_452.jpg,1024,1024,Edge,485,554,498,634
frame_452.jpg,1024,1024,Edge,502,553,514,635
frame_453.jpg,1024,1024,Edge,488,551,499,636
frame_453.jpg,1024,1024,Edge,502,550,514,637
frame_454.jpg,1024,1024,Edge,489,549,499,638
frame_454.jpg,1024,1024,Edge,499,547,509,639
frame_455.jpg,1024,1024,Edge,491,551,501,633
frame_455.jpg,1024,1024,Edge,497,551,507,634
frame_456.jpg,1024,1024,Edge,494,559,503,635
frame_456.jpg,1024,1024,Edge,498,559,507,636
frame_457.jpg,1024,1024,Edge,495,550,506,637
frame_457.jpg,1024,1024,Edge,497,550,507,638
frame_458.jpg,1024,1024,Edge,495,555,505,637
frame_458.jpg,1024,1024,Edge,496,555,506,638
frame_459.jpg,1024,1024,Edge,495,553,506,639
frame_459.jpg,1024,1024,Edge,496,553,507,639
frame_46.jpg,1024,1024,Edge,490,576,501,649
frame_46.jpg,1024,1024,Edge,498,575,509,651
frame_460.jpg,1024,1024,Edge,493,549,504,637
frame_460.jpg,1024,1024,Edge,495,549,506,638
frame_461.jpg,1024,1024,Edge,495,548,506,638
frame_461.jpg,1024,1024,Edge,496,548,507,639
frame_462.jpg,1024,1024,Edge,493,551,505,638
frame_462.jpg,1024,1024,Edge,495,551,506,639
frame_463.jpg,1024,1024,Edge,492,549,504,637
frame_463.jpg,1024,1024,Edge,493,550,506,638
frame_464.jpg,1024,1024,Edge,492,548,503,637
frame_464.jpg,1024,1024,Edge,494,549,504,637
frame_465.jpg,1024,1024,Edge,491,553,502,636
frame_465.jpg,1024,1024,Edge,492,553,503,637
frame_466.jpg,1024,1024,Edge,490,554,499,636
frame_466.jpg,1024,1024,Edge,493,554,502,636
frame_467.jpg,1024,1024,Edge,489,569,499,636
frame_467.jpg,1024,1024,Edge,494,569,505,637
frame_468.jpg,1024,1024,Edge,486,565,494,636
frame_468.jpg,1024,1024,Edge,494,564,504,639
frame_469.jpg,1024,1024,Edge,483,562,493,635
frame_469.jpg,1024,1024,Edge,495,561,505,639
frame_47.jpg,1024,1024,Edge,488,573,500,647
frame_47.jpg,1024,1024,Edge,498,572,512,648
frame_470.jpg,1024,1024,Edge,482,561,494,635
frame_470.jpg,1024,1024,Edge,497,560,509,639
frame_471.jpg,1024,1024,Edge,482,560,493,633
frame_471.jpg,1024,1024,Edge,498,559,510,637
frame_472.jpg,1024,1024,Edge,483,558,495,630
frame_472.jpg,1024,1024,Edge,499,557,512,634
frame_473.jpg,1024,1024,Edge,484,557,495,632
frame_473.jpg,1024,1024,Edge,500,555,511,635
frame_474.jpg,1024,1024,Edge,485,554,496,630
frame_474.jpg,1024,1024,Edge,502,554,513,633
frame_475.jpg,1024,1024,Edge,488,552,497,629
frame_475.jpg,1024,1024,Edge,502,551,511,634
frame_476.jpg,1024,1024,Edge,489,551,498,630
frame_476.jpg,1024,1024,Edge,499,549,509,631
frame_477.jpg,1024,1024,Edge,492,553,501,632
frame_477.jpg,1024,1024,Edge,498,553,506,634
frame_478.jpg,1024,1024,Edge,494,560,503,631
frame_478.jpg,1024,1024,Edge,497,560,506,632
frame_479.jpg,1024,1024,Edge,494,555,505,633
frame_479.jpg,1024,1024,Edge,496,555,506,634
frame_48.jpg,1024,1024,Edge,486,572,499,647
frame_48.jpg,1024,1024,Edge,500,572,514,647
frame_480.jpg,1024,1024,Edge,495,555,506,635
frame_480.jpg,1024,1024,Edge,497,555,507,636
frame_481.jpg,1024,1024,Edge,494,553,506,636
frame_481.jpg,1024,1024,Edge,495,553,507,637
frame_482.jpg,1024,1024,Edge,495,552,506,635
frame_482.jpg,1024,1024,Edge,496,552,506,636
frame_483.jpg,1024,1024,Edge,495,558,505,638
frame_483.jpg,1024,1024,Edge,496,558,506,639
frame_484.jpg,1024,1024,Edge,493,553,505,636
frame_484.jpg,1024,1024,Edge,494,553,506,636
frame_485.jpg,1024,1024,Edge,493,555,505,638
frame_485.jpg,1024,1024,Edge,494,555,506,638
frame_486.jpg,1024,1024,Edge,491,556,502,636
frame_486.jpg,1024,1024,Edge,493,556,503,637
frame_487.jpg,1024,1024,Edge,491,550,502,635
frame_487.jpg,1024,1024,Edge,492,550,503,635
frame_488.jpg,1024,1024,Edge,491,555,500,639
frame_488.jpg,1024,1024,Edge,493,555,504,639
frame_489.jpg,1024,1024,Edge,487,568,497,639
frame_489.jpg,1024,1024,Edge,493,568,504,640
frame_49.jpg,1024,1024,Edge,485,570,497,644
frame_49.jpg,1024,1024,Edge,502,571,515,644
frame_490.jpg,1024,1024,Edge,485,563,494,634
frame_490.jpg,1024,1024,Edge,494,563,505,636
frame_491.jpg,1024,1024,Edge,482,561,494,631
frame_491.jpg,1024,1024,Edge,495,560,507,637
frame_492.jpg,1024,1024,Edge,481,559,494,636
frame_492.jpg,1024,1024,Edge,496,558,509,640
frame_493.jpg,1024,1024,Edge,481,559,493,633
frame_493.jpg,1024,1024,Edge,496,559,511,639
frame_494.jpg,1024,1024,Edge,482,555,495,630
frame_494.jpg,1024,1024,Edge,498,555,512,638
frame_495.jpg,1024,1024,Edge,484,555,497,634
frame_495.jpg,1024,1024,Edge,500,555,513,637
frame_496.jpg,1024,1024,Edge,485,552,497,631
frame_496.jpg,1024,1024,Edge,500,551,513,637
frame_497.jpg,1024,1024,Edge,487,549,498,635
frame_497.jpg,1024,1024,Edge,501,549,512,638
frame_498.jpg,1024,1024,Edge,489,548,500,633
frame_498.jpg,1024,1024,Edge,499,547,510,637
frame_499.jpg,1024,1024,Edge,491,551,501,631
frame_499.jpg,1024,1024,Edge,497,551,507,633
frame_50.jpg,1024,1024,Edge,483,567,498,642
frame_50.jpg,1024,1024,Edge,500,568,517,642
frame_500.jpg,1024,1024,Edge,494,563,502,628
frame_500.jpg,1024,1024,Edge,497,563,506,631
frame_501.jpg,1024,1024,Edge,492,545,505,634
frame_501.jpg,1024,1024,Edge,495,545,506,634
frame_502.jpg,1024,1024,Edge,494,553,508,636
frame_502.jpg,1024,1024,Edge,495,552,508,637
frame_503.jpg,1024,1024,Edge,494,551,507,638
frame_503.jpg,1024,1024,Edge,495,552,507,639
frame_504.jpg,1024,1024,Edge,494,558,508,638
frame_504.jpg,1024,1024,Edge,495,558,509,638
frame_505.jpg,1024,1024,Edge,493,556,506,640
frame_505.jpg,1024,1024,Edge,494,556,506,641
frame_506.jpg,1024,1024,Edge,492,552,506,639
frame_506.jpg,1024,1024,Edge,494,552,507,640
frame_507.jpg,1024,1024,Edge,492,551,505,637
frame_507.jpg,1024,1024,Edge,493,551,507,637
frame_508.jpg,1024,1024,Edge,491,552,505,638
frame_508.jpg,1024,1024,Edge,493,553,507,639
frame_509.jpg,1024,1024,Edge,490,553,505,641
frame_509.jpg,1024,1024,Edge,492,553,506,642
frame_51.jpg,1024,1024,Edge,484,563,498,643
frame_51.jpg,1024,1024,Edge,503,564,519,644
frame_510.jpg,1024,1024,Edge,489,560,501,638
frame_510.jpg,1024,1024,Edge,493,560,504,637
frame_511.jpg,1024,1024,Edge,488,563,497,639
frame_511.jpg,1024,1024,Edge,493,563,505,638
frame_512.jpg,1024,1024,Edge,485,563,494,635
frame_512.jpg,1024,1024,Edge,494,563,505,636
frame_513.jpg,1024,1024,Edge,482,560,494,640
frame_513.jpg,1024,1024,Edge,494,560,507,640
frame_514.jpg,1024,1024,Edge,480,559,494,636
frame_514.jpg,1024,1024,Edge,496,559,509,638
frame_515.jpg,1024,1024,Edge,481,557,493,632
frame_515.jpg,1024,1024,Edge,497,557,510,638
frame_516.jpg,1024,1024,Edge,482,556,495,629
frame_516.jpg,1024,1024,Edge,499,556,513,633
frame_517.jpg,1024,1024,Edge,482,554,495,631
frame_517.jpg,1024,1024,Edge,500,554,512,635
frame_518.jpg,1024,1024,Edge,483,552,498,637
frame_518.jpg,1024,1024,Edge,500,550,515,639
frame_519.jpg,1024,1024,Edge,486,548,499,631
frame_519.jpg,1024,1024,Edge,501,546,512,634
frame_52.jpg,1024,1024,Edge,486,560,501,642
frame_52.jpg,1024,1024,Edge,505,560,521,644
frame_520.jpg,1024,1024,Edge,490,547,500,635
frame_520.jpg,1024,1024,Edge,499,546,509,637
frame_521.jpg,1024,1024,Edge,492,551,501,633
frame_521.jpg,1024,1024,Edge,497,550,507,635
frame_522.jpg,1024,1024,Edge,493,560,503,633
frame_522.jpg,1024,1024,Edge,497,560,505,635
frame_523.jpg,1024,1024,Edge,495,548,508,637
frame_523.jpg,1024,1024,Edge,496,548,508,637
frame_524.jpg,1024,1024,Edge,493,551,507,637
frame_524.jpg,1024,1024,Edge,494,551,507,637
frame_525.jpg,1024,1024,Edge,495,557,507,638
frame_525.jpg,1024,1024,Edge,496,557,508,639
frame_526.jpg,1024,1024,Edge,494,558,507,637
frame_526.jpg,1024,1024,Edge,495,558,507,637
frame_527.jpg,1024,1024,Edge,495,559,508,639
frame_527.jpg,1024,1024,Edge,495,559,509,639
frame_528.jpg,1024,1024,Edge,492,551,507,640
frame_528.jpg,1024,1024,Edge,493,551,507,640
frame_529.jpg,1024,1024,Edge,493,555,506,639
frame_529.jpg,1024,1024,Edge,494,555,507,639
frame_53.jpg,1024,1024,Edge,485,556,503,644
frame_53.jpg,1024,1024,Edge,504,556,524,644
frame_530.jpg,1024,1024,Edge,492,555,505,638
frame_530.jpg,1024,1024,Edge,494,555,507,638
frame_531.jpg,1024,1024,Edge,490,559,502,636
frame_531.jpg,1024,1024,Edge,492,559,504,635
frame_532.jpg,1024,1024,Edge,489,560,499,639
frame_532.jpg,1024,1024,Edge,494,560,503,641
frame_533.jpg,1024,1024,Edge,487,561,495,636
frame_533.jpg,1024,1024,Edge,493,563,504,638
frame_534.jpg,1024,1024,Edge,485,563,494,636
frame_534.jpg,1024,1024,Edge,495,563,505,640
frame_535.jpg,1024,1024,Edge,482,560,492,634
frame_535.jpg,1024,1024,Edge,496,559,506,640
frame_536.jpg,1024,1024,Edge,480,556,492,632
frame_536.jpg,1024,1024,Edge,495,556,509,638
frame_537.jpg,1024,1024,Edge,482,557,493,634
frame_537.jpg,1024,1024,Edge,498,557,511,639
frame_538.jpg,1024,1024,Edge,482,556,495,635
frame_538.jpg,1024,1024,Edge,499,554,512,637
frame_539.jpg,1024,1024,Edge,483,555,496,632
frame_539.jpg,1024,1024,Edge,500,554,514,639
frame_54.jpg,1024,1024,Edge,489,556,504,641
frame_54.jpg,1024,1024,Edge,505,556,521,644
frame_540.jpg,1024,1024,Edge,484,550,498,634
frame_540.jpg,1024,1024,Edge,501,549,513,637
frame_541.jpg,1024,1024,Edge,487,548,498,634
frame_541.jpg,1024,1024,Edge,499,547,511,637
frame_542.jpg,1024,1024,Edge,489,547,499,635
frame_542.jpg,1024,1024,Edge,497,546,508,636
frame_543.jpg,1024,1024,Edge,491,551,502,632
frame_543.jpg,1024,1024,Edge,496,551,507,633
frame_544.jpg,1024,1024,Edge,494,564,504,637
frame_544.jpg,1024,1024,Edge,497,563,507,637
frame_545.jpg,1024,1024,Edge,494,554,507,636
frame_545.jpg,1024,1024,Edge,495,553,508,636
frame_546.jpg,1024,1024,Edge,494,552,506,637
frame_546.jpg,1024,1024,Edge,496,552,507,637
frame_547.jpg,1024,1024,Edge,493,554,506,639
frame_547.jpg,1024,1024,Edge,495,555,507,640
frame_548.jpg,1024,1024,Edge,493,557,506,640
frame_548.jpg,1024,1024,Edge,494,557,507,640
frame_549.jpg,1024,1024,Edge,494,555,507,643
frame_549.jpg,1024,1024,Edge,496,557,508,644
frame_55.jpg,1024,1024,Edge,492,557,505,640
frame_55.jpg,1024,1024,Edge,506,557,519,641
frame_550.jpg,1024,1024,Edge,493,555,506,642
frame_550.jpg,1024,1024,Edge,495,556,507,643
frame_551.jpg,1024,1024,Edge,490,552,505,641
frame_551.jpg,1024,1024,Edge,492,553,506,641
frame_552.jpg,1024,1024,Edge,491,555,506,641
frame_552.jpg,1024,1024,Edge,492,555,507,641
frame_553.jpg,1024,1024,Edge,489,550,504,638
frame_553.jpg,1024,1024,Edge,492,550,506,641
frame_554.jpg,1024,1024,Edge,487,556,500,638
frame_554.jpg,1024,1024,Edge,492,556,504,639
frame_555.jpg,1024,1024,Edge,486,562,498,637
frame_555.jpg,1024,1024,Edge,492,562,506,638
frame_556.jpg,1024,1024,Edge,483,562,494,635
frame_556.jpg,1024,1024,Edge,493,561,504,637
frame_557.jpg,1024,1024,Edge,482,556,493,634
frame_557.jpg,1024,1024,Edge,493,554,507,637
frame_558.jpg,1024,1024,Edge,481,558,494,635
frame_558.jpg,1024,1024,Edge,497,557,510,640
frame_559.jpg,1024,1024,Edge,481,557,496,637
frame_559.jpg,1024,1024,Edge,497,555,512,641
frame_56.jpg,1024,1024,Edge,493,558,505,638
frame_56.jpg,1024,1024,Edge,503,557,513,640
frame_560.jpg,1024,1024,Edge,481,555,494,632
frame_560.jpg,1024,1024,Edge,498,554,511,639
frame_561.jpg,1024,1024,Edge,482,553,497,636
frame_561.jpg,1024,1024,Edge,500,551,514,641
frame_562.jpg,1024,1024,Edge,484,550,497,633
frame_562.jpg,1024,1024,Edge,500,549,513,635
frame_563.jpg,1024,1024,Edge,487,548,498,634
frame_563.jpg,1024,1024,Edge,500,548,511,637
frame_564.jpg,1024,1024,Edge,490,547,499,632
frame_564.jpg,1024,1024,Edge,499,546,510,635
frame_565.jpg,1024,1024,Edge,491,553,501,637
frame_565.jpg,1024,1024,Edge,496,552,506,639
frame_566.jpg,1024,1024,Edge,494,558,503,637
frame_566.jpg,1024,1024,Edge,497,558,505,639
frame_567.jpg,1024,1024,Edge,493,553,507,635
frame_567.jpg,1024,1024,Edge,495,553,508,635
frame_568.jpg,1024,1024,Edge,494,551,507,637
frame_568.jpg,1024,1024,Edge,496,552,508,638
frame_569.jpg,1024,1024,Edge,493,556,507,638
frame_569.jpg,1024,1024,Edge,494,557,507,638
frame_57.jpg,1024,1024,Edge,497,567,506,635
frame_57.jpg,1024,1024,Edge,501,567,512,636
frame_570.jpg,1024,1024,Edge,493,556,508,640
frame_570.jpg,1024,1024,Edge,495,556,509,641
frame_571.jpg,1024,1024,Edge,492,552,507,646
frame_571.jpg,1024,1024,Edge,493,552,509,646
frame_572.jpg,1024,1024,Edge,493,560,505,639
frame_572.jpg,1024,1024,Edge,494,559,505,639
frame_573.jpg,1024,1024,Edge,492,555,506,640
frame_573.jpg,1024,1024,Edge,493,555,507,641
frame_574.jpg,1024,1024,Edge,491,552,505,640
frame_574.jpg,1024,1024,Edge,493,552,507,641
frame_575.jpg,1024,1024,Edge,491,563,501,637
frame_575.jpg,1024,1024,Edge,493,564,502,638
frame_576.jpg,1024,1024,Edge,489,564,499,637
frame_576.jpg,1024,1024,Edge,492,564,503,639
frame_577.jpg,1024,1024,Edge,487,564,497,637
frame_577.jpg,1024,1024,Edge,493,564,505,639
frame_578.jpg,1024,1024,Edge,484,561,494,635
frame_578.jpg,1024,1024,Edge,494,561,506,639
frame_579.jpg,1024,1024,Edge,482,558,492,634
frame_579.jpg,1024,1024,Edge,495,558,507,638
frame_58.jpg,1024,1024,Edge,497,568,509,638
frame_58.jpg,1024,1024,Edge,501,568,514,640
frame_580.jpg,1024,1024,Edge,479,557,492,635
frame_580.jpg,1024,1024,Edge,495,555,508,639
frame_581.jpg,1024,1024,Edge,482,556,495,636
frame_581.jpg,1024,1024,Edge,497,555,512,640
frame_582.jpg,1024,1024,Edge,481,556,495,630
frame_582.jpg,1024,1024,Edge,499,555,512,638
frame_583.jpg,1024,1024,Edge,482,552,497,638
frame_583.jpg,1024,1024,Edge,499,550,514,641
frame_584.jpg,1024,1024,Edge,485,551,497,637
frame_584.jpg,1024,1024,Edge,501,551,514,638
frame_585.jpg,1024,1024,Edge,486,549,498,633
frame_585.jpg,1024,1024,Edge,500,548,511,636
frame_586.jpg,1024,1024,Edge,489,547,499,629
frame_586.jpg,1024,1024,Edge,497,546,508,631
frame_587.jpg,1024,1024,Edge,491,551,503,633
frame_587.jpg,1024,1024,Edge,496,550,508,633
frame_588.jpg,1024,1024,Edge,494,563,504,634
frame_588.jpg,1024,1024,Edge,497,563,507,635
frame_589.jpg,1024,1024,Edge,495,555,507,636
frame_589.jpg,1024,1024,Edge,496,556,507,637
frame_59.jpg,1024,1024,Edge,497,561,509,645
frame_59.jpg,1024,1024,Edge,503,560,515,645
frame_590.jpg,1024,1024,Edge,493,556,507,640
frame_590.jpg,1024,1024,Edge,495,556,508,640
frame_591.jpg,1024,1024,Edge,495,554,508,640
frame_591.jpg,1024,1024,Edge,496,554,508,640
frame_592.jpg,1024,1024,Edge,494,561,506,637
frame_592.jpg,1024,1024,Edge,496,562,507,638
frame_593.jpg,1024,1024,Edge,494,561,507,639
frame_593.jpg,1024,1024,Edge,495,562,507,639
frame_594.jpg,1024,1024,Edge,492,555,504,637
frame_594.jpg,1024,1024,Edge,494,555,506,637
frame_595.jpg,1024,1024,Edge,491,556,502,635
frame_595.jpg,1024,1024,Edge,493,556,503,636
frame_596.jpg,1024,1024,Edge,490,561,503,638
frame_596.jpg,1024,1024,Edge,493,561,505,639
frame_597.jpg,1024,1024,Edge,489,552,502,635
frame_597.jpg,1024,1024,Edge,493,553,504,635
frame_598.jpg,1024,1024,Edge,488,555,499,639
frame_598.jpg,1024,1024,Edge,492,555,503,639
frame_599.jpg,1024,1024,Edge,487,562,496,636
frame_599.jpg,1024,1024,Edge,493,561,504,637
frame_60.jpg,1024,1024,Edge,498,567,510,654
frame_60.jpg,1024,1024,Edge,503,568,515,654
frame_600.jpg,1024,1024,Edge,484,562,494,635
frame_600.jpg,1024,1024,Edge,495,562,506,639
frame_601.jpg,1024,1024,Edge,482,562,492,634
frame_601.jpg,1024,1024,Edge,495,560,507,640
frame_602.jpg,1024,1024,Edge,481,559,493,637
frame_602.jpg,1024,1024,Edge,497,560,509,642
frame_603.jpg,1024,1024,Edge,482,558,493,634
frame_603.jpg,1024,1024,Edge,498,558,510,636
frame_604.jpg,1024,1024,Edge,482,556,494,631
frame_604.jpg,1024,1024,Edge,499,556,511,636
frame_605.jpg,1024,1024,Edge,484,555,495,630
frame_605.jpg,1024,1024,Edge,501,554,512,633
frame_606.jpg,1024,1024,Edge,485,552,497,634
frame_606.jpg,1024,1024,Edge,501,551,513,635
frame_607.jpg,1024,1024,Edge,486,550,497,632
frame_607.jpg,1024,1024,Edge,499,549,510,635
frame_608.jpg,1024,1024,Edge,489,548,499,635
frame_608.jpg,1024,1024,Edge,499,548,509,635
frame_609.jpg,1024,1024,Edge,492,555,501,635
frame_609.jpg,1024,1024,Edge,497,555,506,635
frame_61.jpg,1024,1024,Edge,498,560,510,649
frame_61.jpg,1024,1024,Edge,500,560,514,648
frame_610.jpg,1024,1024,Edge,494,567,501,632
frame_610.jpg,1024,1024,Edge,497,567,504,633
frame_611.jpg,1024,1024,Edge,496,557,504,632
frame_611.jpg,1024,1024,Edge,497,557,505,632
frame_612.jpg,1024,1024,Edge,496,555,505,633
frame_612.jpg,1024,1024,Edge,497,555,506,633
frame_613.jpg,1024,1024,Edge,495,555,506,637
frame_613.jpg,1024,1024,Edge,496,555,508,637
frame_614.jpg,1024,1024,Edge,495,558,505,637
frame_614.jpg,1024,1024,Edge,496,558,506,638
frame_615.jpg,1024,1024,Edge,495,559,504,638
frame_615.jpg,1024,1024,Edge,496,559,505,638
frame_616.jpg,1024,1024,Edge,495,559,504,638
frame_616.jpg,1024,1024,Edge,496,559,505,639
frame_617.jpg,1024,1024,Edge,495,558,504,636
frame_617.jpg,1024,1024,Edge,496,558,505,636
frame_618.jpg,1024,1024,Edge,493,561,503,638
frame_618.jpg,1024,1024,Edge,494,561,504,639
frame_619.jpg,1024,1024,Edge,491,565,500,638
frame_619.jpg,1024,1024,Edge,493,565,502,637
frame_62.jpg,1024,1024,Edge,497,565,511,648
frame_62.jpg,1024,1024,Edge,499,566,515,648
frame_620.jpg,1024,1024,Edge,491,569,498,638
frame_620.jpg,1024,1024,Edge,494,569,502,638
frame_621.jpg,1024,1024,Edge,487,570,495,638
frame_621.jpg,1024,1024,Edge,494,570,504,640
frame_622.jpg,1024,1024,Edge,485,566,492,629
frame_622.jpg,1024,1024,Edge,494,564,503,629
frame_623.jpg,1024,1024,Edge,482,561,492,634
frame_623.jpg,1024,1024,Edge,494,562,505,642
frame_624.jpg,1024,1024,Edge,480,560,491,634
frame_624.jpg,1024,1024,Edge,495,558,506,638
frame_625.jpg,1024,1024,Edge,481,559,493,631
frame_625.jpg,1024,1024,Edge,497,558,509,633
frame_626.jpg,1024,1024,Edge,482,556,494,630
frame_626.jpg,1024,1024,Edge,498,558,510,640
frame_627.jpg,1024,1024,Edge,482,554,496,636
frame_627.jpg,1024,1024,Edge,500,554,513,638
frame_628.jpg,1024,1024,Edge,484,552,497,636
frame_628.jpg,1024,1024,Edge,501,552,514,636
frame_629.jpg,1024,1024,Edge,487,549,497,635
frame_629.jpg,1024,1024,Edge,500,550,510,635
frame_63.jpg,1024,1024,Edge,495,561,510,652
frame_63.jpg,1024,1024,Edge,498,564,513,655
frame_630.jpg,1024,1024,Edge,489,547,498,632
frame_630.jpg,1024,1024,Edge,498,550,509,633
frame_631.jpg,1024,1024,Edge,492,553,500,634
frame_631.jpg,1024,1024,Edge,497,553,507,634
frame_632.jpg,1024,1024,Edge,494,567,502,633
frame_632.jpg,1024,1024,Edge,498,567,505,633
frame_633.jpg,1024,1024,Edge,494,551,505,636
frame_633.jpg,1024,1024,Edge,496,551,507,636
frame_634.jpg,1024,1024,Edge,495,555,505,636
frame_634.jpg,1024,1024,Edge,496,554,506,636
frame_635.jpg,1024,1024,Edge,495,554,506,634
frame_635.jpg,1024,1024,Edge,496,554,508,634
frame_636.jpg,1024,1024,Edge,494,555,504,635
frame_636.jpg,1024,1024,Edge,495,555,506,635
frame_637.jpg,1024,1024,Edge,493,554,504,637
frame_637.jpg,1024,1024,Edge,494,555,505,638
frame_638.jpg,1024,1024,Edge,493,559,504,636
frame_638.jpg,1024,1024,Edge,495,559,505,636
frame_639.jpg,1024,1024,Edge,493,557,503,639
frame_639.jpg,1024,1024,Edge,494,556,504,639
frame_64.jpg,1024,1024,Edge,493,558,512,646
frame_64.jpg,1024,1024,Edge,497,560,514,646
frame_640.jpg,1024,1024,Edge,491,553,503,638
frame_640.jpg,1024,1024,Edge,493,553,504,639
frame_641.jpg,1024,1024,Edge,492,561,499,634
frame_641.jpg,1024,1024,Edge,494,562,501,635
frame_642.jpg,1024,1024,Edge,490,572,497,634
frame_642.jpg,1024,1024,Edge,494,573,502,635
frame_643.jpg,1024,1024,Edge,488,567,494,634
frame_643.jpg,1024,1024,Edge,493,567,504,638
frame_644.jpg,1024,1024,Edge,486,563,493,633
frame_644.jpg,1024,1024,Edge,495,564,504,635
frame_645.jpg,1024,1024,Edge,484,561,492,632
frame_645.jpg,1024,1024,Edge,495,561,506,635
frame_646.jpg,1024,1024,Edge,480,556,491,629
frame_646.jpg,1024,1024,Edge,495,556,507,634
frame_647.jpg,1024,1024,Edge,481,557,492,632
frame_647.jpg,1024,1024,Edge,497,557,509,639
frame_648.jpg,1024,1024,Edge,481,556,494,631
frame_648.jpg,1024,1024,Edge,498,555,510,635
frame_649.jpg,1024,1024,Edge,481,554,495,632
frame_649.jpg,1024,1024,Edge,500,554,512,635
frame_65.jpg,1024,1024,Edge,493,559,509,647
frame_65.jpg,1024,1024,Edge,496,560,514,646
frame_650.jpg,1024,1024,Edge,482,552,496,635
frame_650.jpg,1024,1024,Edge,500,551,512,636
frame_651.jpg,1024,1024,Edge,485,550,497,631
frame_651.jpg,1024,1024,Edge,500,549,512,632
frame_652.jpg,1024,1024,Edge,488,548,498,631
frame_652.jpg,1024,1024,Edge,499,548,509,632
frame_653.jpg,1024,1024,Edge,491,552,500,632
frame_653.jpg,1024,1024,Edge,497,552,507,632
frame_654.jpg,1024,1024,Edge,493,562,502,632
frame_654.jpg,1024,1024,Edge,497,562,506,633
frame_655.jpg,1024,1024,Edge,494,551,506,633
frame_655.jpg,1024,1024,Edge,496,551,508,633
frame_656.jpg,1024,1024,Edge,495,553,506,635
frame_656.jpg,1024,1024,Edge,496,553,507,636
frame_657.jpg,1024,1024,Edge,494,552,505,635
frame_657.jpg,1024,1024,Edge,495,552,506,635
frame_658.jpg,1024,1024,Edge,494,557,505,639
frame_658.jpg,1024,1024,Edge,495,557,506,639
frame_659.jpg,1024,1024,Edge,493,555,504,638
frame_659.jpg,1024,1024,Edge,494,556,504,638
frame_66.jpg,1024,1024,Edge,492,562,510,647
frame_66.jpg,1024,1024,Edge,497,564,517,647
frame_660.jpg,1024,1024,Edge,494,556,505,637
frame_660.jpg,1024,1024,Edge,494,556,505,637
frame_661.jpg,1024,1024,Edge,493,554,504,637
frame_661.jpg,1024,1024,Edge,494,554,505,637
frame_662.jpg,1024,1024,Edge,492,554,504,638
frame_662.jpg,1024,1024,Edge,493,554,505,638
frame_663.jpg,1024,1024,Edge,491,557,504,639
frame_663.jpg,1024,1024,Edge,493,558,506,640
frame_664.jpg,1024,1024,Edge,488,552,499,636
frame_664.jpg,1024,1024,Edge,492,554,502,636
frame_665.jpg,1024,1024,Edge,486,564,495,636
frame_665.jpg,1024,1024,Edge,493,566,503,639
frame_666.jpg,1024,1024,Edge,484,563,493,636
frame_666.jpg,1024,1024,Edge,493,563,503,638
frame_667.jpg,1024,1024,Edge,482,561,492,633
frame_667.jpg,1024,1024,Edge,495,561,508,639
frame_668.jpg,1024,1024,Edge,481,559,491,630
frame_668.jpg,1024,1024,Edge,495,560,508,637
frame_669.jpg,1024,1024,Edge,482,556,492,636
frame_669.jpg,1024,1024,Edge,496,555,509,637
frame_67.jpg,1024,1024,Edge,491,564,508,647
frame_67.jpg,1024,1024,Edge,498,567,515,648
frame_670.jpg,1024,1024,Edge,482,555,493,632
frame_670.jpg,1024,1024,Edge,498,556,510,638
frame_671.jpg,1024,1024,Edge,483,554,495,632
frame_671.jpg,1024,1024,Edge,501,556,513,636
frame_672.jpg,1024,1024,Edge,485,552,496,636
frame_672.jpg,1024,1024,Edge,500,552,513,637
frame_673.jpg,1024,1024,Edge,486,550,496,634
frame_673.jpg,1024,1024,Edge,500,550,511,636
frame_674.jpg,1024,1024,Edge,487,547,498,634
frame_674.jpg,1024,1024,Edge,498,547,509,635
frame_675.jpg,1024,1024,Edge,491,551,499,632
frame_675.jpg,1024,1024,Edge,498,550,507,633
frame_676.jpg,1024,1024,Edge,492,559,500,630
frame_676.jpg,1024,1024,Edge,497,559,505,631
frame_677.jpg,1024,1024,Edge,494,553,505,634
frame_677.jpg,1024,1024,Edge,496,553,507,635
frame_678.jpg,1024,1024,Edge,495,564,506,635
frame_678.jpg,1024,1024,Edge,497,564,508,635
frame_679.jpg,1024,1024,Edge,495,559,505,636
frame_679.jpg,1024,1024,Edge,497,559,507,636
frame_68.jpg,1024,1024,Edge,488,567,507,648
frame_68.jpg,1024,1024,Edge,497,567,513,646
frame_680.jpg,1024,1024,Edge,494,557,505,636
frame_680.jpg,1024,1024,Edge,495,557,506,636
frame_681.jpg,1024,1024,Edge,493,555,504,636
frame_681.jpg,1024,1024,Edge,494,555,505,636
frame_682.jpg,1024,1024,Edge,492,555,504,634
frame_682.jpg,1024,1024,Edge,492,555,504,635
frame_683.jpg,1024,1024,Edge,493,560,504,638
frame_683.jpg,1024,1024,Edge,494,561,505,638
frame_684.jpg,1024,1024,Edge,492,558,503,636
frame_684.jpg,1024,1024,Edge,493,558,504,637
frame_685.jpg,1024,1024,Edge,491,557,504,638
frame_685.jpg,1024,1024,Edge,493,557,506,639
frame_686.jpg,1024,1024,Edge,490,565,500,637
frame_686.jpg,1024,1024,Edge,493,565,504,638
frame_687.jpg,1024,1024,Edge,488,559,496,635
frame_687.jpg,1024,1024,Edge,492,559,502,636
frame_688.jpg,1024,1024,Edge,484,563,493,633
frame_688.jpg,1024,1024,Edge,493,564,504,635
frame_689.jpg,1024,1024,Edge,482,562,492,635
frame_689.jpg,1024,1024,Edge,493,562,505,636
frame_69.jpg,1024,1024,Edge,487,568,502,647
frame_69.jpg,1024,1024,Edge,495,570,515,647
frame_690.jpg,1024,1024,Edge,481,560,491,634
frame_690.jpg,1024,1024,Edge,495,559,507,635
frame_691.jpg,1024,1024,Edge,479,557,491,632
frame_691.jpg,1024,1024,Edge,496,557,508,636
frame_692.jpg,1024,1024,Edge,480,555,493,633
frame_692.jpg,1024,1024,Edge,498,555,510,638
frame_693.jpg,1024,1024,Edge,482,554,494,631
frame_693.jpg,1024,1024,Edge,499,554,511,634
frame_694.jpg,1024,1024,Edge,483,552,494,632
frame_694.jpg,1024,1024,Edge,500,554,513,634
frame_695.jpg,1024,1024,Edge,484,550,497,631
frame_695.jpg,1024,1024,Edge,499,550,511,633
frame_696.jpg,1024,1024,Edge,487,547,498,633
frame_696.jpg,1024,1024,Edge,498,547,510,633
frame_697.jpg,1024,1024,Edge,491,550,500,632
frame_697.jpg,1024,1024,Edge,498,550,507,632
frame_698.jpg,1024,1024,Edge,492,558,501,631
frame_698.jpg,1024,1024,Edge,497,558,505,632
frame_699.jpg,1024,1024,Edge,493,554,505,632
frame_699.jpg,1024,1024,Edge,496,555,507,632
frame_70.jpg,1024,1024,Edge,483,567,500,645
frame_70.jpg,1024,1024,Edge,497,565,515,646
frame_700.jpg,1024,1024,Edge,493,555,506,638
frame_700.jpg,1024,1024,Edge,495,555,508,638
frame_701.jpg,1024,1024,Edge,494,558,506,638
frame_701.jpg,1024,1024,Edge,497,558,508,638
frame_702.jpg,1024,1024,Edge,493,552,505,636
frame_702.jpg,1024,1024,Edge,494,552,506,637
frame_703.jpg,1024,1024,Edge,492,558,505,638
frame_703.jpg,1024,1024,Edge,493,559,506,638
frame_704.jpg,1024,1024,Edge,492,555,506,636
frame_704.jpg,1024,1024,Edge,493,556,507,637
frame_705.jpg,1024,1024,Edge,491,556,503,634
frame_705.jpg,1024,1024,Edge,493,557,505,634
frame_706.jpg,1024,1024,Edge,490,555,505,640
frame_706.jpg,1024,1024,Edge,493,556,509,640
frame_707.jpg,1024,1024,Edge,490,550,504,639
frame_707.jpg,1024,1024,Edge,492,550,507,639
frame_708.jpg,1024,1024,Edge,489,552,498,634
frame_708.jpg,1024,1024,Edge,493,553,503,635
frame_709.jpg,1024,1024,Edge,486,566,496,636
frame_709.jpg,1024,1024,Edge,493,567,503,637
frame_71.jpg,1024,1024,Edge,482,567,500,644
frame_71.jpg,1024,1024,Edge,498,568,519,645
frame_710.jpg,1024,1024,Edge,484,560,493,634
frame_710.jpg,1024,1024,Edge,491,560,503,637
frame_711.jpg,1024,1024,Edge,483,561,493,637
frame_711.jpg,1024,1024,Edge,493,561,504,638
frame_712.jpg,1024,1024,Edge,480,558,491,633
frame_712.jpg,1024,1024,Edge,494,559,506,637
frame_713.jpg,1024,1024,Edge,480,557,490,631
frame_713.jpg,1024,1024,Edge,496,558,507,635
frame_714.jpg,1024,1024,Edge,479,556,492,632
frame_714.jpg,1024,1024,Edge,497,556,510,642
frame_715.jpg,1024,1024,Edge,480,554,493,632
frame_715.jpg,1024,1024,Edge,499,555,512,635
frame_716.jpg,1024,1024,Edge,484,554,495,632
frame_716.jpg,1024,1024,Edge,501,554,512,633
frame_717.jpg,1024,1024,Edge,485,551,497,633
frame_717.jpg,1024,1024,Edge,501,552,511,635
frame_718.jpg,1024,1024,Edge,486,549,499,629
frame_718.jpg,1024,1024,Edge,498,549,511,629
frame_719.jpg,1024,1024,Edge,490,548,500,635
frame_719.jpg,1024,1024,Edge,496,549,508,636
frame_72.jpg,1024,1024,Edge,481,567,499,639
frame_72.jpg,1024,1024,Edge,500,566,520,639
frame_720.jpg,1024,1024,Edge,491,559,502,634
frame_720.jpg,1024,1024,Edge,497,558,507,635
frame_721.jpg,1024,1024,Edge,492,563,503,635
frame_721.jpg,1024,1024,Edge,496,563,507,635
frame_722.jpg,1024,1024,Edge,495,556,505,636
frame_722.jpg,1024,1024,Edge,497,556,508,636
frame_723.jpg,1024,1024,Edge,493,552,505,640
frame_723.jpg,1024,1024,Edge,496,552,507,640
frame_724.jpg,1024,1024,Edge,494,553,505,636
frame_724.jpg,1024,1024,Edge,497,553,508,636
frame_725.jpg,1024,1024,Edge,493,554,505,639
frame_725.jpg,1024,1024,Edge,494,554,506,639
frame_726.jpg,1024,1024,Edge,492,553,506,635
frame_726.jpg,1024,1024,Edge,493,554,507,636
frame_727.jpg,1024,1024,Edge,492,557,505,637
frame_727.jpg,1024,1024,Edge,493,558,505,638
frame_728.jpg,1024,1024,Edge,491,556,505,640
frame_728.jpg,1024,1024,Edge,492,556,507,640
frame_729.jpg,1024,1024,Edge,490,556,505,640
frame_729.jpg,1024,1024,Edge,493,557,507,641
frame_73.jpg,1024,1024,Edge,482,565,499,642
frame_73.jpg,1024,1024,Edge,503,565,519,643
frame_730.jpg,1024,1024,Edge,488,558,499,636
frame_730.jpg,1024,1024,Edge,491,559,503,638
frame_731.jpg,1024,1024,Edge,487,570,497,638
frame_731.jpg,1024,1024,Edge,492,570,503,637
frame_732.jpg,1024,1024,Edge,485,565,495,634
frame_732.jpg,1024,1024,Edge,492,565,504,633
frame_733.jpg,1024,1024,Edge,482,562,492,630
frame_733.jpg,1024,1024,Edge,493,562,504,634
frame_734.jpg,1024,1024,Edge,480,559,491,632
frame_734.jpg,1024,1024,Edge,493,559,505,634
frame_735.jpg,1024,1024,Edge,480,559,492,632
frame_735.jpg,1024,1024,Edge,496,559,508,636
frame_736.jpg,1024,1024,Edge,480,557,492,631
frame_736.jpg,1024,1024,Edge,497,557,509,634
frame_737.jpg,1024,1024,Edge,480,554,492,627
frame_737.jpg,1024,1024,Edge,498,555,511,628
frame_738.jpg,1024,1024,Edge,482,553,494,633
frame_738.jpg,1024,1024,Edge,499,553,511,636
frame_739.jpg,1024,1024,Edge,485,551,496,632
frame_739.jpg,1024,1024,Edge,500,550,512,633
frame_74.jpg,1024,1024,Edge,485,563,501,643
frame_74.jpg,1024,1024,Edge,503,563,520,644
frame_740.jpg,1024,1024,Edge,485,549,497,632
frame_740.jpg,1024,1024,Edge,498,550,510,634
frame_741.jpg,1024,1024,Edge,487,547,499,634
frame_741.jpg,1024,1024,Edge,495,547,507,635
frame_742.jpg,1024,1024,Edge,490,555,500,633
frame_742.jpg,1024,1024,Edge,495,554,505,634
frame_743.jpg,1024,1024,Edge,493,571,501,636
frame_743.jpg,1024,1024,Edge,496,570,505,637
frame_744.jpg,1024,1024,Edge,494,562,505,638
frame_744.jpg,1024,1024,Edge,497,562,507,638
frame_745.jpg,1024,1024,Edge,495,557,505,635
frame_745.jpg,1024,1024,Edge,497,558,506,635
frame_746.jpg,1024,1024,Edge,492,552,505,635
frame_746.jpg,1024,1024,Edge,494,553,507,636
frame_747.jpg,1024,1024,Edge,493,560,505,636
frame_747.jpg,1024,1024,Edge,494,561,506,636
frame_748.jpg,1024,1024,Edge,494,558,505,642
frame_748.jpg,1024,1024,Edge,494,558,505,642
frame_749.jpg,1024,1024,Edge,491,559,503,638
frame_749.jpg,1024,1024,Edge,493,560,504,639
frame_75.jpg,1024,1024,Edge,485,563,501,641
frame_75.jpg,1024,1024,Edge,505,562,519,640
frame_750.jpg,1024,1024,Edge,491,556,504,638
frame_750.jpg,1024,1024,Edge,492,556,504,638
frame_751.jpg,1024,1024,Edge,491,555,503,637
frame_751.jpg,1024,1024,Edge,493,555,504,638
frame_752.jpg,1024,1024,Edge,489,566,500,633
frame_752.jpg,1024,1024,Edge,491,566,502,634
frame_753.jpg,1024,1024,Edge,488,574,497,635
frame_753.jpg,1024,1024,Edge,492,574,502,636
frame_754.jpg,1024,1024,Edge,485,566,495,637
frame_754.jpg,1024,1024,Edge,491,566,503,638
frame_755.jpg,1024,1024,Edge,482,561,492,640
frame_755.jpg,1024,1024,Edge,492,561,504,641
frame_756.jpg,1024,1024,Edge,480,560,491,638
frame_756.jpg,1024,1024,Edge,493,560,505,638
frame_757.jpg,1024,1024,Edge,478,556,491,637
frame_757.jpg,1024,1024,Edge,495,556,508,641
frame_758.jpg,1024,1024,Edge,479,557,492,633
frame_758.jpg,1024,1024,Edge,496,557,511,639
frame_759.jpg,1024,1024,Edge,480,557,493,631
frame_759.jpg,1024,1024,Edge,499,556,511,633
frame_76.jpg,1024,1024,Edge,486,559,502,637
frame_76.jpg,1024,1024,Edge,506,560,520,638
frame_760.jpg,1024,1024,Edge,481,554,493,629
frame_760.jpg,1024,1024,Edge,499,554,512,633
frame_761.jpg,1024,1024,Edge,482,552,495,628
frame_761.jpg,1024,1024,Edge,499,552,513,629
frame_762.jpg,1024,1024,Edge,486,550,498,629
frame_762.jpg,1024,1024,Edge,499,551,510,629
frame_763.jpg,1024,1024,Edge,488,548,499,631
frame_763.jpg,1024,1024,Edge,498,548,508,632
frame_764.jpg,1024,1024,Edge,490,554,501,631
frame_764.jpg,1024,1024,Edge,495,553,506,632
frame_765.jpg,1024,1024,Edge,491,559,502,632
frame_765.jpg,1024,1024,Edge,495,559,505,636
frame_766.jpg,1024,1024,Edge,493,559,505,635
frame_766.jpg,1024,1024,Edge,495,559,507,636
frame_767.jpg,1024,1024,Edge,493,558,505,638
frame_767.jpg,1024,1024,Edge,495,558,507,639
frame_768.jpg,1024,1024,Edge,493,556,506,637
frame_768.jpg,1024,1024,Edge,494,556,507,638
frame_769.jpg,1024,1024,Edge,493,556,506,640
frame_769.jpg,1024,1024,Edge,493,556,507,640
frame_77.jpg,1024,1024,Edge,488,563,504,635
frame_77.jpg,1024,1024,Edge,506,563,521,638
frame_770.jpg,1024,1024,Edge,492,559,505,638
frame_770.jpg,1024,1024,Edge,492,559,506,638
frame_771.jpg,1024,1024,Edge,492,556,505,641
frame_771.jpg,1024,1024,Edge,492,557,506,642
frame_772.jpg,1024,1024,Edge,492,560,504,637
frame_772.jpg,1024,1024,Edge,493,560,505,637
frame_773.jpg,1024,1024,Edge,490,549,502,637
frame_773.jpg,1024,1024,Edge,492,549,504,638
frame_774.jpg,1024,1024,Edge,489,557,500,636
frame_774.jpg,1024,1024,Edge,492,557,502,636
frame_775.jpg,1024,1024,Edge,487,554,499,637
frame_775.jpg,1024,1024,Edge,491,554,502,638
frame_776.jpg,1024,1024,Edge,485,561,496,636
frame_776.jpg,1024,1024,Edge,490,561,502,636
frame_777.jpg,1024,1024,Edge,484,562,493,635
frame_777.jpg,1024,1024,Edge,493,561,504,639
frame_778.jpg,1024,1024,Edge,481,560,491,632
frame_778.jpg,1024,1024,Edge,493,560,505,637
frame_779.jpg,1024,1024,Edge,479,558,491,635
frame_779.jpg,1024,1024,Edge,494,557,509,641
frame_78.jpg,1024,1024,Edge,493,554,507,638
frame_78.jpg,1024,1024,Edge,503,553,519,639
frame_79.jpg,1024,1024,Edge,493,560,511,637
frame_79.jpg,1024,1024,Edge,499,562,517,639
frame_80.jpg,1024,1024,Edge,496,572,510,641
frame_80.jpg,1024,1024,Edge,499,571,518,640
frame_81.jpg,1024,1024,Edge,494,564,512,643
frame_81.jpg,1024,1024,Edge,501,562,517,646
frame_82.jpg,1024,1024,Edge,498,566,514,642
frame_82.jpg,1024,1024,Edge,500,564,517,639
frame_83.jpg,1024,1024,Edge,496,565,514,644
frame_83.jpg,1024,1024,Edge,499,565,518,652
frame_84.jpg,1024,1024,Edge,500,561,514,643
frame_84.jpg,1024,1024,Edge,496,559,512,644
frame_85.jpg,1024,1024,Edge,495,551,509,645
frame_85.jpg,1024,1024,Edge,498,553,512,644
frame_86.jpg,1024,1024,Edge,494,558,510,641
frame_86.jpg,1024,1024,Edge,498,559,511,639
frame_87.jpg,1024,1024,Edge,491,561,508,642
frame_87.jpg,1024,1024,Edge,498,561,516,642
frame_88.jpg,1024,1024,Edge,491,562,508,646
frame_88.jpg,1024,1024,Edge,496,560,515,651
frame_89.jpg,1024,1024,Edge,490,558,508,652
frame_89.jpg,1024,1024,Edge,498,560,514,656
frame_90.jpg,1024,1024,Edge,489,562,506,649
frame_90.jpg,1024,1024,Edge,497,563,512,650
frame_91.jpg,1024,1024,Edge,487,563,502,647
frame_91.jpg,1024,1024,Edge,495,562,511,647
frame_92.jpg,1024,1024,Edge,486,567,501,643
frame_92.jpg,1024,1024,Edge,497,567,513,642
frame_93.jpg,1024,1024,Edge,484,566,499,644
frame_93.jpg,1024,1024,Edge,499,566,514,645
frame_94.jpg,1024,1024,Edge,483,563,501,640
frame_94.jpg,1024,1024,Edge,499,562,516,641
frame_95.jpg,1024,1024,Edge,484,560,498,644
frame_95.jpg,1024,1024,Edge,500,561,517,646
frame_96.jpg,1024,1024,Edge,483,558,501,641
frame_96.jpg,1024,1024,Edge,503,558,518,643
frame_97.jpg,1024,1024,Edge,485,559,500,639
frame_97.jpg,1024,1024,Edge,503,559,520,641
frame_98.jpg,1024,1024,Edge,487,558,503,639
frame_98.jpg,1024,1024,Edge,506,559,521,640
frame_99.jpg,1024,1024,Edge,488,557,504,632
frame_99.jpg,1024,1024,Edge,505,557,519,633
